time,close
2015-07-21 00:00:00-04:00,0.9903023441393229
2015-07-22 00:00:00-04:00,0.9955509465632615
2015-07-23 00:00:00-04:00,0.9784879889705329
2015-07-24 00:00:00-04:00,0.9836739753120768
2015-07-27 00:00:00-04:00,0.9888874473812309
2015-07-28 00:00:00-04:00,0.9941285508523515
2015-07-29 00:00:00-04:00,0.9670500435016054
2015-07-30 00:00:00-04:00,0.9488537015120295
2015-07-31 00:00:00-04:00,0.9443883399875639
2015-08-03 00:00:00-04:00,0.9493935981894981
2015-08-04 00:00:00-04:00,0.9301463187119035
2015-08-05 00:00:00-04:00,0.9350760942010766
2015-08-06 00:00:00-04:00,0.9400319975003424
2015-08-07 00:00:00-04:00,0.936886321373695
2015-08-10 00:00:00-04:00,0.9215121065538859
2015-08-11 00:00:00-04:00,0.9263961207186217
2015-08-12 00:00:00-04:00,0.9178327780438678
2015-08-13 00:00:00-04:00,0.917577368844457
2015-08-14 00:00:00-04:00,0.910685138634767
2015-08-17 00:00:00-04:00,0.9155117698695313
2015-08-18 00:00:00-04:00,0.92036398224984
2015-08-19 00:00:00-04:00,0.9252419113557642
2015-08-20 00:00:00-04:00,0.9301456934859498
2015-08-21 00:00:00-04:00,0.9350754656614254
2015-08-24 00:00:00-04:00,0.940031365629431
2015-08-25 00:00:00-04:00,0.9450135318672671
2015-08-26 00:00:00-04:00,0.9500221035861637
2015-08-27 00:00:00-04:00,0.9550572207351704
2015-08-28 00:00:00-04:00,0.9601190240050669
2015-08-31 00:00:00-04:00,0.9652076548322938
2015-09-01 00:00:00-04:00,0.970323255402905
2015-09-02 00:00:00-04:00,0.9238722178733954
2015-09-03 00:00:00-04:00,0.9287687406281244
2015-09-04 00:00:00-04:00,0.9336912149534535
2015-09-08 00:00:00-04:00,0.8972290242389905
2015-09-09 00:00:00-04:00,0.8754372216539303
2015-09-10 00:00:00-04:00,0.8800770389286963
2015-09-11 00:00:00-04:00,0.8753208218517474
2015-09-14 00:00:00-04:00,0.8640671909466808
2015-09-15 00:00:00-04:00,0.8686467470586983
2015-09-16 00:00:00-04:00,0.8732505748181094
2015-09-17 00:00:00-04:00,0.8722255719442021
2015-09-18 00:00:00-04:00,0.8768483674755064
2015-09-21 00:00:00-04:00,0.8603319164249115
2015-09-22 00:00:00-04:00,0.8648916755819636
2015-09-23 00:00:00-04:00,0.8638671873305082
2015-09-24 00:00:00-04:00,0.8684456834233599
2015-09-25 00:00:00-04:00,0.8730484455455038
2015-09-28 00:00:00-04:00,0.877675602306895
2015-09-29 00:00:00-04:00,0.8823272829991217
2015-09-30 00:00:00-04:00,0.8870036175990171
2015-10-01 00:00:00-04:00,0.8760465677141047
2015-10-02 00:00:00-04:00,0.8806896145229896
2015-10-05 00:00:00-04:00,0.8853572694799615
2015-10-06 00:00:00-04:00,0.8819000146898935
2015-10-07 00:00:00-04:00,0.88657408476775
2015-10-08 00:00:00-04:00,0.8705663174049091
2015-10-09 00:00:00-04:00,0.862456923066355
2015-10-12 00:00:00-04:00,0.8598389300535084
2015-10-13 00:00:00-04:00,0.8572227752404912
2015-10-14 00:00:00-04:00,0.852231931176623
2015-10-15 00:00:00-04:00,0.8443998350924778
2015-10-16 00:00:00-04:00,0.848875154218468
2015-10-19 00:00:00-04:00,0.853374192535826
2015-10-20 00:00:00-04:00,0.8498799310609028
2015-10-21 00:00:00-04:00,0.8543842946955256
2015-10-22 00:00:00-04:00,0.834852883376608
2015-10-23 00:00:00-04:00,0.8392776036585041
2015-10-26 00:00:00-04:00,0.8141766989787173
2015-10-27 00:00:00-04:00,0.8032508842188166
2015-10-28 00:00:00-04:00,0.8075081139051764
2015-10-29 00:00:00-04:00,0.7956409636889481
2015-10-30 00:00:00-04:00,0.7819339612977211
2015-11-02 00:00:00-05:00,0.7704060665651803
2015-11-03 00:00:00-05:00,0.7744892187179758
2015-11-04 00:00:00-05:00,0.769840895612853
2015-11-05 00:00:00-05:00,0.7739210523596012
2015-11-06 00:00:00-05:00,0.7780228339371071
2015-11-09 00:00:00-05:00,0.7821463549569738
2015-11-10 00:00:00-05:00,0.7699434390112451
2015-11-11 00:00:00-05:00,0.7673247628210089
2015-11-12 00:00:00-05:00,0.7713915840639604
2015-11-13 00:00:00-05:00,0.7754799594594994
2015-11-16 00:00:00-05:00,0.7795900032446349
2015-11-17 00:00:00-05:00,0.7713356965749872
2015-11-18 00:00:00-05:00,0.7754237757668347
2015-11-19 00:00:00-05:00,0.7737390480972859
2015-11-20 00:00:00-05:00,0.7778398650522016
2015-11-23 00:00:00-05:00,0.7778398650522016
2015-11-24 00:00:00-05:00,0.7767202825005604
2015-11-25 00:00:00-05:00,0.7662972909059169
2015-11-27 00:00:00-05:00,0.7618443295872529
2015-11-30 00:00:00-05:00,0.7541312077752829
2015-12-01 00:00:00-05:00,0.7384380154551018
2015-12-02 00:00:00-05:00,0.7382641117525236
2015-12-03 00:00:00-05:00,0.742176911544812
2015-12-04 00:00:00-05:00,0.7461104491759996
2015-12-07 00:00:00-05:00,0.7500648345566324
2015-12-08 00:00:00-05:00,0.749715475574785
2015-12-09 00:00:00-05:00,0.7536889675953314
2015-12-10 00:00:00-05:00,0.7485208769372129
2015-12-11 00:00:00-05:00,0.7524880375849802
2015-12-14 00:00:00-05:00,0.7329450979638883
2015-12-15 00:00:00-05:00,0.7368297069830969
2015-12-16 00:00:00-05:00,0.7407349044301074
2015-12-17 00:00:00-05:00,0.744660799423587
2015-12-18 00:00:00-05:00,0.748607501660532
2015-12-21 00:00:00-05:00,0.7365617428794574
2015-12-22 00:00:00-05:00,0.7404655201167186
2015-12-23 00:00:00-05:00,0.7443899873733373
2015-12-24 00:00:00-05:00,0.748335254306416
2015-12-28 00:00:00-05:00,0.7523014311542401
2015-12-29 00:00:00-05:00,0.7562886287393576
2015-12-30 00:00:00-05:00,0.7602969584716763
2015-12-31 00:00:00-05:00,0.7643265323515763
2016-01-04 00:00:00-05:00,0.7521479493315572
2016-01-05 00:00:00-05:00,0.7561343334630145
2016-01-06 00:00:00-05:00,0.7382782386132616
2016-01-07 00:00:00-05:00,0.742191113277912
2016-01-08 00:00:00-05:00,0.7392318194066876
2016-01-11 00:00:00-05:00,0.743149748049543
2016-01-12 00:00:00-05:00,0.7470884417142056
2016-01-13 00:00:00-05:00,0.751048010455291
2016-01-14 00:00:00-05:00,0.7550285649107041
2016-01-15 00:00:00-05:00,0.7590302163047309
2016-01-19 00:00:00-05:00,0.7507091302459515
2016-01-20 00:00:00-05:00,0.7462695700321851
2016-01-21 00:00:00-05:00,0.7502247987533557
2016-01-22 00:00:00-05:00,0.7154480554151652
2016-01-25 00:00:00-05:00,0.7192399301088657
2016-01-26 00:00:00-05:00,0.712379464374315
2016-01-27 00:00:00-05:00,0.716155075535499
2016-01-28 00:00:00-05:00,0.7199506974358372
2016-01-29 00:00:00-05:00,0.6662812462452083
2016-02-01 00:00:00-05:00,0.6610881429458149
2016-02-02 00:00:00-05:00,0.6645919101034278
2016-02-03 00:00:00-05:00,0.6508989312630952
2016-02-04 00:00:00-05:00,0.6483033204047561
2016-02-05 00:00:00-05:00,0.6517393280029014
2016-02-08 00:00:00-05:00,0.6551935464413168
2016-02-09 00:00:00-05:00,0.6529525353148417
2016-02-10 00:00:00-05:00,0.6458903964931895
2016-02-11 00:00:00-05:00,0.6493136155946034
2016-02-12 00:00:00-05:00,0.6527549777572549
2016-02-16 00:00:00-05:00,0.6562145791393684
2016-02-17 00:00:00-05:00,0.6596925164088071
2016-02-18 00:00:00-05:00,0.6631888867457738
2016-02-19 00:00:00-05:00,0.6667037878455264
2016-02-22 00:00:00-05:00,0.6702373179211077
2016-02-23 00:00:00-05:00,0.6737895757060897
2016-02-24 00:00:00-05:00,0.677360660457332
2016-02-25 00:00:00-05:00,0.6809506719577559
2016-02-26 00:00:00-05:00,0.6845597105191321
2016-02-29 00:00:00-05:00,0.6881878769848836
2016-03-01 00:00:00-05:00,0.6918352727329036
2016-03-02 00:00:00-05:00,0.6855063382432828
2016-03-03 00:00:00-05:00,0.6891395218359723
2016-03-04 00:00:00-05:00,0.692791961301703
2016-03-07 00:00:00-05:00,0.696463758696602
2016-03-08 00:00:00-05:00,0.6854633673667737
2016-03-09 00:00:00-05:00,0.6890963232138176
2016-03-10 00:00:00-05:00,0.6757030094022682
2016-03-11 00:00:00-05:00,0.6792842353521004
2016-03-14 00:00:00-04:00,0.6828844417994665
2016-03-15 00:00:00-04:00,0.6758719690739462
2016-03-16 00:00:00-04:00,0.6794540905100381
2016-03-17 00:00:00-04:00,0.6744158267054724
2016-03-18 00:00:00-04:00,0.6779902305870115
2016-03-21 00:00:00-04:00,0.6815835788091227
2016-03-22 00:00:00-04:00,0.6781286768496219
2016-03-23 00:00:00-04:00,0.6817227588369249
2016-03-24 00:00:00-04:00,0.6853358894587607
2016-03-28 00:00:00-04:00,0.6743245735662359
2016-03-29 00:00:00-04:00,0.677898493806137
2016-03-30 00:00:00-04:00,0.6724217538687508
2016-03-31 00:00:00-04:00,0.6695635413842056
2016-04-01 00:00:00-04:00,0.673112228153542
2016-04-04 00:00:00-04:00,0.6709076960763193
2016-04-05 00:00:00-04:00,0.6572184599173382
2016-04-06 00:00:00-04:00,0.6484491645878507
2016-04-07 00:00:00-04:00,0.6518859451601664
2016-04-08 00:00:00-04:00,0.6512635323637561
2016-04-11 00:00:00-04:00,0.6495522325961901
2016-04-12 00:00:00-04:00,0.65299485942895
2016-04-13 00:00:00-04:00,0.6564557321839235
2016-04-14 00:00:00-04:00,0.6599349475644983
2016-04-15 00:00:00-04:00,0.6554407114273982
2016-04-18 00:00:00-04:00,0.6589145471979635
2016-04-19 00:00:00-04:00,0.6624067942981128
2016-04-20 00:00:00-04:00,0.6659175503078928
2016-04-21 00:00:00-04:00,0.6694469133245247
2016-04-22 00:00:00-04:00,0.6070388155607139
2016-04-25 00:00:00-04:00,0.6102561212831857
2016-04-26 00:00:00-04:00,0.6134904787259867
2016-04-27 00:00:00-04:00,0.6167419782632345
2016-04-28 00:00:00-04:00,0.6200107107480297
2016-04-29 00:00:00-04:00,0.6232967675149943
2016-05-02 00:00:00-04:00,0.6112731813121934
2016-05-03 00:00:00-04:00,0.5980839463497766
2016-05-04 00:00:00-04:00,0.6012537912654304
2016-05-05 00:00:00-04:00,0.6044404363591372
2016-05-06 00:00:00-04:00,0.5973599963400134
2016-05-09 00:00:00-04:00,0.5924283083471529
2016-05-10 00:00:00-04:00,0.5955681783813929
2016-05-11 00:00:00-04:00,0.5987246897268143
2016-05-12 00:00:00-04:00,0.6018979305823664
2016-05-13 00:00:00-04:00,0.605087989614453
2016-05-16 00:00:00-04:00,0.6082949559594096
2016-05-17 00:00:00-04:00,0.6115189192259946
2016-05-18 00:00:00-04:00,0.6147599694978924
2016-05-19 00:00:00-04:00,0.6180181973362312
2016-05-20 00:00:00-04:00,0.6212936937821133
2016-05-23 00:00:00-04:00,0.6245865503591586
2016-05-24 00:00:00-04:00,0.6278968590760622
2016-05-25 00:00:00-04:00,0.6312247124291653
2016-05-26 00:00:00-04:00,0.63457020340504
2016-05-27 00:00:00-04:00,0.6277339518451877
2016-05-31 00:00:00-04:00,0.6310609417899672
2016-06-01 00:00:00-04:00,0.634405564781454
2016-06-02 00:00:00-04:00,0.6377679142747958
2016-06-03 00:00:00-04:00,0.626867049943431
2016-06-06 00:00:00-04:00,0.6301894453081313
2016-06-07 00:00:00-04:00,0.6297180335293175
2016-06-08 00:00:00-04:00,0.633055539107023
2016-06-09 00:00:00-04:00,0.6264136144816012
2016-06-10 00:00:00-04:00,0.6297336066383536
2016-06-13 00:00:00-04:00,0.6084244433799529
2016-06-14 00:00:00-04:00,0.6116490929298667
2016-06-15 00:00:00-04:00,0.609415225233567
2016-06-16 00:00:00-04:00,0.6126451259273049
2016-06-17 00:00:00-04:00,0.6158921450947197
2016-06-20 00:00:00-04:00,0.6191563734637218
2016-06-21 00:00:00-04:00,0.6011517669297524
2016-06-22 00:00:00-04:00,0.6043378712944801
2016-06-23 00:00:00-04:00,0.6075408620123409
2016-06-24 00:00:00-04:00,0.6107608285810063
2016-06-27 00:00:00-04:00,0.6139978609724858
2016-06-28 00:00:00-04:00,0.61725204963564
2016-06-29 00:00:00-04:00,0.620523485498709
2016-06-30 00:00:00-04:00,0.6238122599718522
2016-07-01 00:00:00-04:00,0.627118464949703
2016-07-05 00:00:00-04:00,0.6269592425255828
2016-07-06 00:00:00-04:00,0.6236141703332566
2016-07-07 00:00:00-04:00,0.6269193254360229
2016-07-08 00:00:00-04:00,0.6302419978608339
2016-07-11 00:00:00-04:00,0.625698835043216
2016-07-12 00:00:00-04:00,0.629015038868945
2016-07-13 00:00:00-04:00,0.6244047157443251
2016-07-14 00:00:00-04:00,0.62771406073777
2016-07-15 00:00:00-04:00,0.6271066831750203
2016-07-18 00:00:00-04:00,0.6304303485958479
2016-07-19 00:00:00-04:00,0.6172165300123659
2016-07-20 00:00:00-04:00,0.6204877776214315
2016-07-21 00:00:00-04:00,0.6237763628428251
2016-07-22 00:00:00-04:00,0.6270823775658921
2016-07-25 00:00:00-04:00,0.6247767299887192
2016-07-26 00:00:00-04:00,0.6243472637145123
2016-07-27 00:00:00-04:00,0.6276563042121993
2016-07-28 00:00:00-04:00,0.6273658057521518
2016-07-29 00:00:00-04:00,0.6306908445226383
2016-08-01 00:00:00-04:00,0.6340335059986084
2016-08-02 00:00:00-04:00,0.637393883580401
2016-08-03 00:00:00-04:00,0.6318288322106118
2016-08-04 00:00:00-04:00,0.6351775250213281
2016-08-05 00:00:00-04:00,0.6385439659039411
2016-08-08 00:00:00-04:00,0.6371117110447952
2016-08-09 00:00:00-04:00,0.6351145283609443
2016-08-10 00:00:00-04:00,0.6384806353612573
2016-08-11 00:00:00-04:00,0.6344750812599258
2016-08-12 00:00:00-04:00,0.6378377991906035
2016-08-15 00:00:00-04:00,0.6352617642278452
2016-08-16 00:00:00-04:00,0.6386286515782528
2016-08-17 00:00:00-04:00,0.6368942129312637
2016-08-18 00:00:00-04:00,0.6402697522597994
2016-08-19 00:00:00-04:00,0.6399807670006517
2016-08-22 00:00:00-04:00,0.6433726650657552
2016-08-23 00:00:00-04:00,0.6467825401906038
2016-08-24 00:00:00-04:00,0.650210487653614
2016-08-25 00:00:00-04:00,0.6468484062677216
2016-08-26 00:00:00-04:00,0.644673126311412
2016-08-29 00:00:00-04:00,0.6480898938808626
2016-08-30 00:00:00-04:00,0.6450446879507072
2016-08-31 00:00:00-04:00,0.6388159858894946
2016-09-01 00:00:00-04:00,0.637081642292025
2016-09-02 00:00:00-04:00,0.6357871578736773
2016-09-06 00:00:00-04:00,0.6349273166764087
2016-09-07 00:00:00-04:00,0.6342109298787376
2016-09-08 00:00:00-04:00,0.6309220927324278
2016-09-09 00:00:00-04:00,0.6342659798239098
2016-09-12 00:00:00-04:00,0.6376275895169765
2016-09-13 00:00:00-04:00,0.6300722222524971
2016-09-14 00:00:00-04:00,0.6334116050304355
2016-09-15 00:00:00-04:00,0.6367686865370968
2016-09-16 00:00:00-04:00,0.6359002902178809
2016-09-19 00:00:00-04:00,0.6392705617560357
2016-09-20 00:00:00-04:00,0.637518826629862
2016-09-21 00:00:00-04:00,0.6408976764110004
2016-09-22 00:00:00-04:00,0.6442944340959788
2016-09-23 00:00:00-04:00,0.6386448353413143
2016-09-26 00:00:00-04:00,0.6309830105459774
2016-09-27 00:00:00-04:00,0.6343272205018711
2016-09-28 00:00:00-04:00,0.637689154770531
2016-09-29 00:00:00-04:00,0.6410689072908149
2016-09-30 00:00:00-04:00,0.6444665724994563
2016-10-03 00:00:00-04:00,0.6418478927922927
2016-10-04 00:00:00-04:00,0.6393770818782942
2016-10-05 00:00:00-04:00,0.6427657804122492
2016-10-06 00:00:00-04:00,0.6413160735737089
2016-10-07 00:00:00-04:00,0.6404498066726152
2016-10-10 00:00:00-04:00,0.6369927043963157
2016-10-11 00:00:00-04:00,0.6248653371544387
2016-10-12 00:00:00-04:00,0.6237289683935564
2016-10-13 00:00:00-04:00,0.6210313591795427
2016-10-14 00:00:00-04:00,0.6243228253831943
2016-10-17 00:00:00-04:00,0.6276317363577253
2016-10-18 00:00:00-04:00,0.6213575564556459
2016-10-19 00:00:00-04:00,0.6195363094857864
2016-10-20 00:00:00-04:00,0.6156164665923342
2016-10-21 00:00:00-04:00,0.5815075713011479
2016-10-24 00:00:00-04:00,0.5649166354434677
2016-10-25 00:00:00-04:00,0.5646758724998759
2016-10-26 00:00:00-04:00,0.5599840854204452
2016-10-27 00:00:00-04:00,0.5629520010731736
2016-10-28 00:00:00-04:00,0.5598482681710257
2016-10-31 00:00:00-04:00,0.5628154639923322
2016-11-01 00:00:00-04:00,0.5657983859514916
2016-11-02 00:00:00-04:00,0.5612473408169864
2016-11-03 00:00:00-04:00,0.5642219517233165
2016-11-04 00:00:00-04:00,0.56721232806745
2016-11-07 00:00:00-05:00,0.5702185534062075
2016-11-08 00:00:00-05:00,0.5697278424550433
2016-11-09 00:00:00-05:00,0.5727474000200551
2016-11-10 00:00:00-05:00,0.5757829612401614
2016-11-11 00:00:00-05:00,0.5717025425626721
2016-11-14 00:00:00-05:00,0.5747325660382543
2016-11-15 00:00:00-05:00,0.5777786486382571
2016-11-16 00:00:00-05:00,0.5808408754760399
2016-11-17 00:00:00-05:00,0.583919332116063
2016-11-18 00:00:00-05:00,0.5870141045762781
2016-11-21 00:00:00-05:00,0.5901252793305325
2016-11-22 00:00:00-05:00,0.5932529433109843
2016-11-23 00:00:00-05:00,0.5963971839105326
2016-11-25 00:00:00-05:00,0.5947284568705784
2016-11-28 00:00:00-05:00,0.5978805176919925
2016-11-29 00:00:00-05:00,0.5917251830615864
2016-11-30 00:00:00-05:00,0.5948613265318129
2016-12-01 00:00:00-05:00,0.580690212623615
2016-12-02 00:00:00-05:00,0.5837678707505202
2016-12-05 00:00:00-05:00,0.5868618404654979
2016-12-06 00:00:00-05:00,0.5899722082199651
2016-12-07 00:00:00-05:00,0.5930990609235309
2016-12-08 00:00:00-05:00,0.5885761926498153
2016-12-09 00:00:00-05:00,0.5765365608067142
2016-12-12 00:00:00-05:00,0.5795922045789899
2016-12-13 00:00:00-05:00,0.5826640432632586
2016-12-14 00:00:00-05:00,0.5791762985662803
2016-12-15 00:00:00-05:00,0.5822459329486817
2016-12-16 00:00:00-05:00,0.578859248667212
2016-12-19 00:00:00-05:00,0.5819272026851482
2016-12-20 00:00:00-05:00,0.5807381318902595
2016-12-21 00:00:00-05:00,0.5838160439892779
2016-12-22 00:00:00-05:00,0.5869102690224212
2016-12-23 00:00:00-05:00,0.59002089344824
2016-12-27 00:00:00-05:00,0.5931480041835158
2016-12-28 00:00:00-05:00,0.5962916886056885
2016-12-29 00:00:00-05:00,0.5994520345552987
2016-12-30 00:00:00-05:00,0.6026291303384419
2017-01-03 00:00:00-05:00,0.6058230647292356
2017-01-04 00:00:00-05:00,0.6022992420031932
2017-01-05 00:00:00-05:00,0.6054914279858101
2017-01-06 00:00:00-05:00,0.5986688301534013
2017-01-09 00:00:00-05:00,0.5961919032855372
2017-01-10 00:00:00-05:00,0.5959444216579219
2017-01-11 00:00:00-05:00,0.599102927092709
2017-01-12 00:00:00-05:00,0.6022781726063003
2017-01-13 00:00:00-05:00,0.601152597213965
2017-01-17 00:00:00-05:00,0.5990336619758717
2017-01-18 00:00:00-05:00,0.5986600139555331
2017-01-19 00:00:00-05:00,0.5961696494430562
2017-01-20 00:00:00-05:00,0.5993293485851044
2017-01-23 00:00:00-05:00,0.5965972178189991
2017-01-24 00:00:00-05:00,0.5896989173621237
2017-01-25 00:00:00-05:00,0.5877678840742168
2017-01-26 00:00:00-05:00,0.5806885158027396
2017-01-27 00:00:00-05:00,0.5837661649364941
2017-01-30 00:00:00-05:00,0.5868601256106576
2017-01-31 00:00:00-05:00,0.5899704842763941
2017-02-01 00:00:00-05:00,0.593097327843059
2017-02-02 00:00:00-05:00,0.5962407436806273
2017-02-03 00:00:00-05:00,0.5994008196221347
2017-02-06 00:00:00-05:00,0.602577643966132
2017-02-07 00:00:00-05:00,0.6057713054791526
2017-02-08 00:00:00-05:00,0.6089818933981922
2017-02-09 00:00:00-05:00,0.5999827922276794
2017-02-10 00:00:00-05:00,0.599252317560673
2017-02-13 00:00:00-05:00,0.5904883137659205
2017-02-14 00:00:00-05:00,0.5876244052336856
2017-02-15 00:00:00-05:00,0.5907388145814242
2017-02-16 00:00:00-05:00,0.5938697302987058
2017-02-17 00:00:00-05:00,0.597017239869289
2017-02-21 00:00:00-05:00,0.6001814312405963
2017-02-22 00:00:00-05:00,0.6033623928261715
2017-02-23 00:00:00-05:00,0.6065602135081503
2017-02-24 00:00:00-05:00,0.6097749826397435
2017-02-27 00:00:00-05:00,0.6130067900477342
2017-02-28 00:00:00-05:00,0.6100285729025132
2017-03-01 00:00:00-05:00,0.6132617243388966
2017-03-02 00:00:00-05:00,0.6165120114778928
2017-03-03 00:00:00-05:00,0.6135070700815679
2017-03-06 00:00:00-05:00,0.6132588422799281
2017-03-07 00:00:00-05:00,0.6116461899921576
2017-03-08 00:00:00-05:00,0.6148879147991161
2017-03-09 00:00:00-05:00,0.6116899987481084
2017-03-10 00:00:00-05:00,0.6149319557414734
2017-03-13 00:00:00-04:00,0.6181910951069033
2017-03-14 00:00:00-04:00,0.6214675079109699
2017-03-15 00:00:00-04:00,0.6247612857028981
2017-03-16 00:00:00-04:00,0.6233813946135492
2017-03-17 00:00:00-04:00,0.6204977367845086
2017-03-20 00:00:00-04:00,0.6237863747894665
2017-03-21 00:00:00-04:00,0.6270924425758507
2017-03-22 00:00:00-04:00,0.6304160325215028
2017-03-23 00:00:00-04:00,0.6337572374938668
2017-03-24 00:00:00-04:00,0.6323602003114907
2017-03-27 00:00:00-04:00,0.6357117093731416
2017-03-28 00:00:00-04:00,0.6390809814328193
2017-03-29 00:00:00-04:00,0.6424681106344133
2017-03-30 00:00:00-04:00,0.6394064888509384
2017-03-31 00:00:00-04:00,0.6427953432418485
2017-04-03 00:00:00-04:00,0.6388620801963638
2017-04-04 00:00:00-04:00,0.636518131915063
2017-04-05 00:00:00-04:00,0.6398916780142129
2017-04-06 00:00:00-04:00,0.6377345073228861
2017-04-07 00:00:00-04:00,0.6411145002116974
2017-04-10 00:00:00-04:00,0.6392110397509799
2017-04-11 00:00:00-04:00,0.6385770331085988
2017-04-12 00:00:00-04:00,0.6354075926803813
2017-04-13 00:00:00-04:00,0.6387752529215873
2017-04-17 00:00:00-04:00,0.6421607617620718
2017-04-18 00:00:00-04:00,0.6455642137994109
2017-04-19 00:00:00-04:00,0.6489857041325477
2017-04-20 00:00:00-04:00,0.6524253283644503
2017-04-21 00:00:00-04:00,0.6406418737722742
2017-04-24 00:00:00-04:00,0.6440372757032673
2017-04-25 00:00:00-04:00,0.6474506732644947
2017-04-26 00:00:00-04:00,0.6508821618327966
2017-04-27 00:00:00-04:00,0.6543318372905105
2017-04-28 00:00:00-04:00,0.6577997960281502
2017-05-01 00:00:00-04:00,0.6612861349470994
2017-05-02 00:00:00-04:00,0.6647909514623191
2017-05-03 00:00:00-04:00,0.6683143435050695
2017-05-04 00:00:00-04:00,0.6649185416819803
2017-05-05 00:00:00-04:00,0.6625316723323769
2017-05-08 00:00:00-04:00,0.66178271183926
2017-05-09 00:00:00-04:00,0.665290160212008
2017-05-10 00:00:00-04:00,0.6619077659618566
2017-05-11 00:00:00-04:00,0.651354982184912
2017-05-12 00:00:00-04:00,0.6548071635904921
2017-05-15 00:00:00-04:00,0.6582776415575218
2017-05-16 00:00:00-04:00,0.6617665130577767
2017-05-17 00:00:00-04:00,0.6652738755769829
2017-05-18 00:00:00-04:00,0.6687998271175409
2017-05-19 00:00:00-04:00,0.672344466201264
2017-05-22 00:00:00-04:00,0.6759078918721307
2017-05-23 00:00:00-04:00,0.6729553320035986
2017-05-24 00:00:00-04:00,0.6765219952632177
2017-05-25 00:00:00-04:00,0.6801075618381127
2017-05-26 00:00:00-04:00,0.6837121319158548
2017-05-30 00:00:00-04:00,0.6873358062150089
2017-05-31 00:00:00-04:00,0.6909786859879485
2017-06-01 00:00:00-04:00,0.6876345514223408
2017-06-02 00:00:00-04:00,0.6912790145448792
2017-06-05 00:00:00-04:00,0.6949427933219671
2017-06-06 00:00:00-04:00,0.6986259901265736
2017-06-07 00:00:00-04:00,0.7023287078742445
2017-06-08 00:00:00-04:00,0.6967792142004887
2017-06-09 00:00:00-04:00,0.7004721440357513
2017-06-12 00:00:00-04:00,0.7041846463991408
2017-06-13 00:00:00-04:00,0.7079168250250563
2017-06-14 00:00:00-04:00,0.7116687841976891
2017-06-15 00:00:00-04:00,0.7154406287539369
2017-06-16 00:00:00-04:00,0.7142430972633653
2017-06-19 00:00:00-04:00,0.7180285856788612
2017-06-20 00:00:00-04:00,0.7218341371829592
2017-06-21 00:00:00-04:00,0.725659858110029
2017-06-22 00:00:00-04:00,0.7295058553580122
2017-06-23 00:00:00-04:00,0.7333722363914097
2017-06-26 00:00:00-04:00,0.7372591092442842
2017-06-27 00:00:00-04:00,0.7411665825232789
2017-06-28 00:00:00-04:00,0.7450947654106523
2017-06-29 00:00:00-04:00,0.7490437676673288
2017-06-30 00:00:00-04:00,0.7427879821981069
2017-07-03 00:00:00-04:00,0.746724758503757
2017-07-05 00:00:00-04:00,0.7506823997238269
2017-07-06 00:00:00-04:00,0.7546610164423633
2017-07-07 00:00:00-04:00,0.7586607198295079
2017-07-10 00:00:00-04:00,0.7626816216446043
2017-07-11 00:00:00-04:00,0.7667238342393208
2017-07-12 00:00:00-04:00,0.7707874705607892
2017-07-13 00:00:00-04:00,0.7620560365301265
2017-07-14 00:00:00-04:00,0.7660949335237363
2017-07-17 00:00:00-04:00,0.7701552366714122
2017-07-18 00:00:00-04:00,0.7742370594257707
2017-07-19 00:00:00-04:00,0.7783405158407274
2017-07-20 00:00:00-04:00,0.7824657205746833
2017-07-21 00:00:00-04:00,0.7762999428205677
2017-07-24 00:00:00-04:00,0.7737015362566997
2017-07-25 00:00:00-04:00,0.7656386348982026
2017-07-26 00:00:00-04:00,0.7696965196631631
2017-07-27 00:00:00-04:00,0.7737759112173779
2017-07-28 00:00:00-04:00,0.7721260092556992
2017-07-31 00:00:00-04:00,0.7762182771047544
2017-08-01 00:00:00-04:00,0.7803322339734097
2017-08-02 00:00:00-04:00,0.7758595643592401
2017-08-03 00:00:00-04:00,0.7799716200503441
2017-08-04 00:00:00-04:00,0.784105469636611
2017-08-07 00:00:00-04:00,0.788261228625685
2017-08-08 00:00:00-04:00,0.7827412124889976
2017-08-09 00:00:00-04:00,0.7782679704561618
2017-08-10 00:00:00-04:00,0.7823927906995796
2017-08-11 00:00:00-04:00,0.7865394724902874
2017-08-14 00:00:00-04:00,0.7711666926661356
2017-08-15 00:00:00-04:00,0.7708926940289946
2017-08-16 00:00:00-04:00,0.7650072054132661
2017-08-17 00:00:00-04:00,0.7690617436019564
2017-08-18 00:00:00-04:00,0.7679571032290965
2017-08-21 00:00:00-04:00,0.7632745137730866
2017-08-22 00:00:00-04:00,0.767319868696084
2017-08-23 00:00:00-04:00,0.7614569948724391
2017-08-24 00:00:00-04:00,0.7654927169452631
2017-08-25 00:00:00-04:00,0.7637130672183732
2017-08-28 00:00:00-04:00,0.7677607464746307
2017-08-29 00:00:00-04:00,0.7718298784309463
2017-08-30 00:00:00-04:00,0.7759205767866304
2017-08-31 00:00:00-04:00,0.7800329558435996
2017-09-01 00:00:00-04:00,0.768776527106258
2017-09-05 00:00:00-04:00,0.7643160051037138
2017-09-06 00:00:00-04:00,0.7614812321618674
2017-09-07 00:00:00-04:00,0.7655170826923253
2017-09-08 00:00:00-04:00,0.7695743232305947
2017-09-11 00:00:00-04:00,0.773653067143717
2017-09-12 00:00:00-04:00,0.7725769025023499
2017-09-13 00:00:00-04:00,0.7766715600856124
2017-09-14 00:00:00-04:00,0.7807879193540662
2017-09-15 00:00:00-04:00,0.7734573375701592
2017-09-18 00:00:00-04:00,0.7714547544244769
2017-09-19 00:00:00-04:00,0.7755434646229267
2017-09-20 00:00:00-04:00,0.7796538449854282
2017-09-21 00:00:00-04:00,0.76978075774893
2017-09-22 00:00:00-04:00,0.7738605957649993
2017-09-25 00:00:00-04:00,0.7779620569225539
2017-09-26 00:00:00-04:00,0.7820852558242435
2017-09-27 00:00:00-04:00,0.786230307680112
2017-09-28 00:00:00-04:00,0.7903973283108167
2017-09-29 00:00:00-04:00,0.794586434150864
2017-10-02 00:00:00-04:00,0.7987977422518637
2017-10-03 00:00:00-04:00,0.8030313702857986
2017-10-04 00:00:00-04:00,0.7969863759050603
2017-10-05 00:00:00-04:00,0.8012104036973572
2017-10-06 00:00:00-04:00,0.800799034619593
2017-10-09 00:00:00-04:00,0.7968266002253641
2017-10-10 00:00:00-04:00,0.7968266002253641
2017-10-11 00:00:00-04:00,0.7950615203747879
2017-10-12 00:00:00-04:00,0.785593974387759
2017-10-13 00:00:00-04:00,0.7897576224520142
2017-10-16 00:00:00-04:00,0.7939433378510099
2017-10-17 00:00:00-04:00,0.7931458392721319
2017-10-18 00:00:00-04:00,0.7973495122202743
2017-10-19 00:00:00-04:00,0.8015754646350418
2017-10-20 00:00:00-04:00,0.7895381585063387
2017-10-23 00:00:00-04:00,0.7937227107464223
2017-10-24 00:00:00-04:00,0.7979294411133784
2017-10-25 00:00:00-04:00,0.8021584671512794
2017-10-26 00:00:00-04:00,0.8064099070271812
2017-10-27 00:00:00-04:00,0.8106838795344253
2017-10-30 00:00:00-04:00,0.809677842529948
2017-10-31 00:00:00-04:00,0.8007693382354545
2017-11-01 00:00:00-04:00,0.8007693382354545
2017-11-02 00:00:00-04:00,0.8050134157281025
2017-11-03 00:00:00-04:00,0.8092799868314615
2017-11-06 00:00:00-05:00,0.8135691707616683
2017-11-07 00:00:00-05:00,0.8110649785622103
2017-11-08 00:00:00-05:00,0.8153636229485901
2017-11-09 00:00:00-05:00,0.8196850501502178
2017-11-10 00:00:00-05:00,0.824029380916014
2017-11-13 00:00:00-05:00,0.8232630472950188
2017-11-14 00:00:00-05:00,0.8217329000323129
2017-11-15 00:00:00-05:00,0.8260880844024843
2017-11-16 00:00:00-05:00,0.8304663512498175
2017-11-17 00:00:00-05:00,0.8348678229114416
2017-11-20 00:00:00-05:00,0.8331555724734203
2017-11-21 00:00:00-05:00,0.8375712970075295
2017-11-22 00:00:00-05:00,0.8420104248816696
2017-11-24 00:00:00-05:00,0.8400347345737907
2017-11-27 00:00:00-05:00,0.8444869186670318
2017-11-28 00:00:00-05:00,0.8312663542842351
2017-11-29 00:00:00-05:00,0.8356720659619417
2017-11-30 00:00:00-05:00,0.8248527619413129
2017-12-01 00:00:00-05:00,0.8292244815796018
2017-12-04 00:00:00-05:00,0.8336193713319738
2017-12-05 00:00:00-05:00,0.826802930627554
2017-12-06 00:00:00-05:00,0.8111260144452679
2017-12-07 00:00:00-05:00,0.8074319044541866
2017-12-08 00:00:00-05:00,0.8117112935477938
2017-12-11 00:00:00-05:00,0.7982952128910348
2017-12-12 00:00:00-05:00,0.8025261775193573
2017-12-13 00:00:00-05:00,0.80677956626021
2017-12-14 00:00:00-05:00,0.7986692916127365
2017-12-15 00:00:00-05:00,0.802902238858284
2017-12-18 00:00:00-05:00,0.807157620724233
2017-12-19 00:00:00-05:00,0.8114355561140715
2017-12-20 00:00:00-05:00,0.807625559670948
2017-12-21 00:00:00-05:00,0.8073801560427047
2017-12-22 00:00:00-05:00,0.8072573992958941
2017-12-26 00:00:00-05:00,0.8115358635121624
2017-12-27 00:00:00-05:00,0.8077062098689621
2017-12-28 00:00:00-05:00,0.8119870527812677
2017-12-29 00:00:00-05:00,0.8162905841610085
2018-01-02 00:00:00-05:00,0.8206169242570619
2018-01-03 00:00:00-05:00,0.8156520240397678
2018-01-04 00:00:00-05:00,0.8199749797671786
2018-01-05 00:00:00-05:00,0.8243208471599447
2018-01-08 00:00:00-05:00,0.8232272613614556
2018-01-09 00:00:00-05:00,0.8275903658466714
2018-01-10 00:00:00-05:00,0.8227122397932156
2018-01-11 00:00:00-05:00,0.8270726146641197
2018-01-12 00:00:00-05:00,0.8314560995218396
2018-01-16 00:00:00-05:00,0.8163766483875246
2018-01-17 00:00:00-05:00,0.7948745657422108
2018-01-18 00:00:00-05:00,0.7990874009406446
2018-01-19 00:00:00-05:00,0.7979344710068058
2018-01-22 00:00:00-05:00,0.779378128387597
2018-01-23 00:00:00-05:00,0.7835088324680514
2018-01-24 00:00:00-05:00,0.7826221833349881
2018-01-25 00:00:00-05:00,0.7769711578025315
2018-01-26 00:00:00-05:00,0.781089104938885
2018-01-29 00:00:00-05:00,0.7795776710220584
2018-01-30 00:00:00-05:00,0.7837094326784754
2018-01-31 00:00:00-05:00,0.7587715725003868
2018-02-01 00:00:00-05:00,0.7509849628993032
2018-02-02 00:00:00-05:00,0.7252988739434245
2018-02-05 00:00:00-05:00,0.7291429579753247
2018-02-06 00:00:00-05:00,0.733007415652594
2018-02-07 00:00:00-05:00,0.7368923549555528
2018-02-08 00:00:00-05:00,0.7407978844368173
2018-02-09 00:00:00-05:00,0.7048864860437569
2018-02-12 00:00:00-05:00,0.7086223844197889
2018-02-13 00:00:00-05:00,0.7123780830572138
2018-02-14 00:00:00-05:00,0.7161536868974171
2018-02-15 00:00:00-05:00,0.7199493014379734
2018-02-16 00:00:00-05:00,0.7237650327355948
2018-02-20 00:00:00-05:00,0.7164015439481004
2018-02-21 00:00:00-05:00,0.7040468495888099
2018-02-22 00:00:00-05:00,0.7016459480842451
2018-02-23 00:00:00-05:00,0.7053646716090917
2018-02-26 00:00:00-05:00,0.7091031043686199
2018-02-27 00:00:00-05:00,0.7128613508217736
2018-02-28 00:00:00-05:00,0.7086312103202094
2018-03-01 00:00:00-05:00,0.7123869557349065
2018-03-02 00:00:00-05:00,0.7161626066003016
2018-03-05 00:00:00-05:00,0.7199582684152833
2018-03-06 00:00:00-05:00,0.7167598122126839
2018-03-07 00:00:00-05:00,0.7205586392174113
2018-03-08 00:00:00-05:00,0.7148700100553619
2018-03-09 00:00:00-05:00,0.7186588211086553
2018-03-12 00:00:00-04:00,0.7164331061492929
2018-03-13 00:00:00-04:00,0.7202302016118842
2018-03-14 00:00:00-04:00,0.7146764069019517
2018-03-15 00:00:00-04:00,0.7114095810745337
2018-03-16 00:00:00-04:00,0.7151800518542287
2018-03-19 00:00:00-04:00,0.7189705061290562
2018-03-20 00:00:00-04:00,0.7165556651175793
2018-03-21 00:00:00-04:00,0.7203534101427025
2018-03-22 00:00:00-04:00,0.7241712832164588
2018-03-23 00:00:00-04:00,0.7280093910175062
2018-03-26 00:00:00-04:00,0.731867840789899
2018-03-27 00:00:00-04:00,0.7357467403460854
2018-03-28 00:00:00-04:00,0.7396461980699197
2018-03-29 00:00:00-04:00,0.7435663229196904
2018-04-02 00:00:00-04:00,0.7475072244311648
2018-04-03 00:00:00-04:00,0.75146901272065
2018-04-04 00:00:00-04:00,0.7554517984880695
2018-04-05 00:00:00-04:00,0.7594556930200563
2018-04-06 00:00:00-04:00,0.7634808081930627
2018-04-09 00:00:00-04:00,0.767527256476486
2018-04-10 00:00:00-04:00,0.7715951509358114
2018-04-11 00:00:00-04:00,0.7605794967398557
2018-04-12 00:00:00-04:00,0.764610568072577
2018-04-13 00:00:00-04:00,0.7686630040833617
2018-04-16 00:00:00-04:00,0.756961294555761
2018-04-17 00:00:00-04:00,0.7609731894169066
2018-04-18 00:00:00-04:00,0.7650063473208163
2018-04-19 00:00:00-04:00,0.7690608809616167
2018-04-20 00:00:00-04:00,0.7731369036307134
2018-04-23 00:00:00-04:00,0.7772345292199563
2018-04-24 00:00:00-04:00,0.7813538722248221
2018-04-25 00:00:00-04:00,0.7725181466478452
2018-04-26 00:00:00-04:00,0.7766124928250789
2018-04-27 00:00:00-04:00,0.780728539037052
2018-04-30 00:00:00-04:00,0.7848664002939484
2018-05-01 00:00:00-04:00,0.7890261922155064
2018-05-02 00:00:00-04:00,0.7932080310342486
2018-05-03 00:00:00-04:00,0.7870326243194865
2018-05-04 00:00:00-04:00,0.7912038972283798
2018-05-07 00:00:00-04:00,0.7953972778836903
2018-05-08 00:00:00-04:00,0.799612883456474
2018-05-09 00:00:00-04:00,0.8038508317387933
2018-05-10 00:00:00-04:00,0.7933942267319462
2018-05-11 00:00:00-04:00,0.7975992161336255
2018-05-14 00:00:00-04:00,0.7940970161034193
2018-05-15 00:00:00-04:00,0.7983057302887675
2018-05-16 00:00:00-04:00,0.8025367506592981
2018-05-17 00:00:00-04:00,0.8067901954377924
2018-05-18 00:00:00-04:00,0.8110661834736128
2018-05-21 00:00:00-04:00,0.815364834246023
2018-05-22 00:00:00-04:00,0.819686267867527
2018-05-23 00:00:00-04:00,0.8240306050872249
2018-05-24 00:00:00-04:00,0.8202303241694621
2018-05-25 00:00:00-04:00,0.8245775448875603
2018-05-29 00:00:00-04:00,0.8289478058754645
2018-05-30 00:00:00-04:00,0.8186125101806145
2018-05-31 00:00:00-04:00,0.8229511564845718
2018-06-01 00:00:00-04:00,0.8273127976139402
2018-06-04 00:00:00-04:00,0.8316975554412941
2018-06-05 00:00:00-04:00,0.836105552485133
2018-06-06 00:00:00-04:00,0.8405369119133043
2018-06-07 00:00:00-04:00,0.8449917575464448
2018-06-08 00:00:00-04:00,0.8494702138614411
2018-06-11 00:00:00-04:00,0.843167987838736
2018-06-12 00:00:00-04:00,0.8476367781742814
2018-06-13 00:00:00-04:00,0.8426333724182863
2018-06-14 00:00:00-04:00,0.8470993292921033
2018-06-15 00:00:00-04:00,0.8515889557373515
2018-06-18 00:00:00-04:00,0.8561023772027595
2018-06-19 00:00:00-04:00,0.8561023772027595
2018-06-20 00:00:00-04:00,0.8606397198019342
2018-06-21 00:00:00-04:00,0.8652011103168845
2018-06-22 00:00:00-04:00,0.869786676201564
2018-06-25 00:00:00-04:00,0.8743965455854323
2018-06-26 00:00:00-04:00,0.8790308472770352
2018-06-27 00:00:00-04:00,0.8836897107676035
2018-06-28 00:00:00-04:00,0.8883732662346718
2018-06-29 00:00:00-04:00,0.8930816445457157
2018-07-02 00:00:00-04:00,0.897814977261808
2018-07-03 00:00:00-04:00,0.9025733966412957
2018-07-05 00:00:00-04:00,0.9073570356434946
2018-07-06 00:00:00-04:00,0.9121660279324052
2018-07-09 00:00:00-04:00,0.9170005078804471
2018-07-10 00:00:00-04:00,0.9218606105722135
2018-07-11 00:00:00-04:00,0.9202177433401811
2018-07-12 00:00:00-04:00,0.8942926480935041
2018-07-13 00:00:00-04:00,0.8804565202405311
2018-07-16 00:00:00-04:00,0.8748109415033847
2018-07-17 00:00:00-04:00,0.8635376866460702
2018-07-18 00:00:00-04:00,0.8681144363852945
2018-07-19 00:00:00-04:00,0.8603839034868781
2018-07-20 00:00:00-04:00,0.8649439381753586
2018-07-23 00:00:00-04:00,0.8695281410476882
2018-07-24 00:00:00-04:00,0.8662823728113724
2018-07-25 00:00:00-04:00,0.8708736693872727
2018-07-26 00:00:00-04:00,0.8585131018132172
2018-07-27 00:00:00-04:00,0.8630632212528273
2018-07-30 00:00:00-04:00,0.8676374563254674
2018-07-31 00:00:00-04:00,0.8722359348439924
2018-08-01 00:00:00-04:00,0.8768587852986657
2018-08-02 00:00:00-04:00,0.8815061368607486
2018-08-03 00:00:00-04:00,0.8764996055068529
2018-08-06 00:00:00-04:00,0.8811450534160393
2018-08-07 00:00:00-04:00,0.873199562193256
2018-08-08 00:00:00-04:00,0.8668399158868041
2018-08-09 00:00:00-04:00,0.8714341674410042
2018-08-10 00:00:00-04:00,0.8760527685284416
2018-08-13 00:00:00-04:00,0.8677982178463037
2018-08-14 00:00:00-04:00,0.8537242378092051
2018-08-15 00:00:00-04:00,0.8386742218576391
2018-08-16 00:00:00-04:00,0.8384724092653338
2018-08-17 00:00:00-04:00,0.8378649353572257
2018-08-20 00:00:00-04:00,0.8306757996742417
2018-08-21 00:00:00-04:00,0.821682508593677
2018-08-22 00:00:00-04:00,0.8260374258892236
2018-08-23 00:00:00-04:00,0.8210218317247099
2018-08-24 00:00:00-04:00,0.8253732474328509
2018-08-27 00:00:00-04:00,0.829747725644245
2018-08-28 00:00:00-04:00,0.8341453885901596
2018-08-29 00:00:00-04:00,0.8168359946560837
2018-08-30 00:00:00-04:00,0.821165225427761
2018-08-31 00:00:00-04:00,0.8175420419165108
2018-09-04 00:00:00-04:00,0.8116757594442069
2018-09-05 00:00:00-04:00,0.8159776409692613
2018-09-06 00:00:00-04:00,0.8135335373828112
2018-09-07 00:00:00-04:00,0.8083789563498355
2018-09-10 00:00:00-04:00,0.8126633648184897
2018-09-11 00:00:00-04:00,0.8169704806520277
2018-09-12 00:00:00-04:00,0.8124831972796582
2018-09-13 00:00:00-04:00,0.8011363264100123
2018-09-14 00:00:00-04:00,0.8053823489399854
2018-09-17 00:00:00-04:00,0.8096508753893674
2018-09-18 00:00:00-04:00,0.8139420250289311
2018-09-19 00:00:00-04:00,0.7998283476106931
2018-09-20 00:00:00-04:00,0.7824204729708871
2018-09-21 00:00:00-04:00,0.7865673014776329
2018-09-24 00:00:00-04:00,0.7907361081754644
2018-09-25 00:00:00-04:00,0.7887645990697328
2018-09-26 00:00:00-04:00,0.7845537517114015
2018-09-27 00:00:00-04:00,0.788711886595472
2018-09-28 00:00:00-04:00,0.788353785323718
2018-10-01 00:00:00-04:00,0.7925320603859338
2018-10-02 00:00:00-04:00,0.7884318954054785
2018-10-03 00:00:00-04:00,0.7882536037443667
2018-10-04 00:00:00-04:00,0.7924313478442119
2018-10-05 00:00:00-04:00,0.7966312339877862
2018-10-08 00:00:00-04:00,0.8008533795279216
2018-10-09 00:00:00-04:00,0.8050979024394196
2018-10-10 00:00:00-04:00,0.8093649213223486
2018-10-11 00:00:00-04:00,0.8136545554053571
2018-10-12 00:00:00-04:00,0.8179669245490055
2018-10-15 00:00:00-04:00,0.8223021492491154
2018-10-16 00:00:00-04:00,0.8266603506401358
2018-10-17 00:00:00-04:00,0.8238523898079786
2018-10-18 00:00:00-04:00,0.8282188074739609
2018-10-19 00:00:00-04:00,0.8266306935499081
2018-10-22 00:00:00-04:00,0.8170382733788615
2018-10-23 00:00:00-04:00,0.8213685762277695
2018-10-24 00:00:00-04:00,0.8257218296817768
2018-10-25 00:00:00-04:00,0.8300981553790903
2018-10-26 00:00:00-04:00,0.8344976756025995
2018-10-29 00:00:00-04:00,0.8389205132832933
2018-10-30 00:00:00-04:00,0.8433667920036948
2018-10-31 00:00:00-04:00,0.8478366360013144
2018-11-01 00:00:00-04:00,0.8523301701721214
2018-11-02 00:00:00-04:00,0.8568475200740338
2018-11-05 00:00:00-05:00,0.8426824129429527
2018-11-06 00:00:00-05:00,0.8405435157142891
2018-11-07 00:00:00-05:00,0.8449983963475749
2018-11-08 00:00:00-05:00,0.8494768878482171
2018-11-09 00:00:00-05:00,0.8539791153538127
2018-11-12 00:00:00-05:00,0.858505204665188
2018-11-13 00:00:00-05:00,0.8577741458717624
2018-11-14 00:00:00-05:00,0.8623203488448827
2018-11-15 00:00:00-05:00,0.8668906466937607
2018-11-16 00:00:00-05:00,0.8562804785834921
2018-11-19 00:00:00-05:00,0.8608187651199847
2018-11-20 00:00:00-05:00,0.8653811045751206
2018-11-21 00:00:00-05:00,0.8699676244293688
2018-11-23 00:00:00-05:00,0.8745784528388445
2018-11-26 00:00:00-05:00,0.8792137186388904
2018-11-27 00:00:00-05:00,0.8720215581802068
2018-11-28 00:00:00-05:00,0.8766432724385619
2018-11-29 00:00:00-05:00,0.8671058294409952
2018-11-30 00:00:00-05:00,0.8717014903370326
2018-12-03 00:00:00-05:00,0.8763215082358189
2018-12-04 00:00:00-05:00,0.8809660122294688
2018-12-06 00:00:00-05:00,0.8738956502501682
2018-12-07 00:00:00-05:00,0.8785272971964943
2018-12-10 00:00:00-05:00,0.8831834918716357
2018-12-11 00:00:00-05:00,0.8878643643785554
2018-12-12 00:00:00-05:00,0.8925700455097618
2018-12-13 00:00:00-05:00,0.8973006667509636
2018-12-14 00:00:00-05:00,0.9020563602847438
2018-12-17 00:00:00-05:00,0.906837258994253
2018-12-18 00:00:00-05:00,0.9116434964669227
2018-12-19 00:00:00-05:00,0.9164752069981974
2018-12-20 00:00:00-05:00,0.9213325255952879
2018-12-21 00:00:00-05:00,0.926215587980943
2018-12-24 00:00:00-05:00,0.931124530597242
2018-12-26 00:00:00-05:00,0.9360594906094074
2018-12-27 00:00:00-05:00,0.9285567670465568
2018-12-28 00:00:00-05:00,0.9334781179119036
2018-12-31 00:00:00-05:00,0.9384255519368367
2019-01-02 00:00:00-05:00,0.9330205629392728
2019-01-03 00:00:00-05:00,0.888399469128446
2019-01-04 00:00:00-05:00,0.8931079863148269
2019-01-07 00:00:00-05:00,0.8916267126468831
2019-01-08 00:00:00-05:00,0.8963523342239117
2019-01-09 00:00:00-05:00,0.879690005475272
2019-01-10 00:00:00-05:00,0.884352362504291
2019-01-11 00:00:00-05:00,0.8754746504022176
2019-01-14 00:00:00-05:00,0.8801146660493494
2019-01-15 00:00:00-05:00,0.884779273779411
2019-01-16 00:00:00-05:00,0.8807267043316203
2019-01-17 00:00:00-05:00,0.8853945558645779
2019-01-18 00:00:00-05:00,0.8681484942713288
2019-01-22 00:00:00-05:00,0.8727496812909669
2019-01-23 00:00:00-05:00,0.8616919584173525
2019-01-24 00:00:00-05:00,0.8563381778095409
2019-01-25 00:00:00-05:00,0.8608767701519315
2019-01-28 00:00:00-05:00,0.8654394170337368
2019-01-29 00:00:00-05:00,0.8700262459440157
2019-01-30 00:00:00-05:00,0.874637385047519
2019-01-31 00:00:00-05:00,0.853795638313533
2019-02-01 00:00:00-05:00,0.8583207551965948
2019-02-04 00:00:00-05:00,0.8628698551991368
2019-02-05 00:00:00-05:00,0.8674430654316924
2019-02-06 00:00:00-05:00,0.854928065446587
2019-02-07 00:00:00-05:00,0.8594591841934539
2019-02-08 00:00:00-05:00,0.8640143178696793
2019-02-11 00:00:00-05:00,0.8685935937543887
2019-02-12 00:00:00-05:00,0.873197139801287
2019-02-13 00:00:00-05:00,0.8778250846422339
2019-02-14 00:00:00-05:00,0.8824775575908378
2019-02-15 00:00:00-05:00,0.8871546886460693
2019-02-19 00:00:00-05:00,0.8918566084958935
2019-02-20 00:00:00-05:00,0.885829601385015
2019-02-21 00:00:00-05:00,0.8905244982723557
2019-02-22 00:00:00-05:00,0.8952442781131993
2019-02-25 00:00:00-05:00,0.8999890727871993
2019-02-26 00:00:00-05:00,0.9047590148729715
2019-02-27 00:00:00-05:00,0.9027702923420652
2019-02-28 00:00:00-05:00,0.9075549748914782
2019-03-01 00:00:00-05:00,0.9022890151788547
2019-03-04 00:00:00-05:00,0.899474353369818
2019-03-05 00:00:00-05:00,0.893641178880926
2019-03-06 00:00:00-05:00,0.8931205973525007
2019-03-07 00:00:00-05:00,0.897854136518469
2019-03-08 00:00:00-05:00,0.8965845969678493
2019-03-11 00:00:00-04:00,0.901336495331779
2019-03-12 00:00:00-04:00,0.8931321961290078
2019-03-13 00:00:00-04:00,0.8978657967684917
2019-03-14 00:00:00-04:00,0.8969485832000628
2019-03-15 00:00:00-04:00,0.9017024106910232
2019-03-18 00:00:00-04:00,0.9064814334676857
2019-03-19 00:00:00-04:00,0.9112857850650645
2019-03-20 00:00:00-04:00,0.9161155997259094
2019-03-21 00:00:00-04:00,0.9209710124044568
2019-03-22 00:00:00-04:00,0.9258521587702004
2019-03-25 00:00:00-04:00,0.9195799819699004
2019-03-26 00:00:00-04:00,0.924453755874341
2019-03-27 00:00:00-04:00,0.9128334986960314
2019-03-28 00:00:00-04:00,0.9176715162391204
2019-03-29 00:00:00-04:00,0.9225351752751878
2019-04-01 00:00:00-04:00,0.9274246117041464
2019-04-02 00:00:00-04:00,0.9323399621461784
2019-04-03 00:00:00-04:00,0.9372813639455533
2019-04-04 00:00:00-04:00,0.9310852781710527
2019-04-05 00:00:00-04:00,0.9257104191140749
2019-04-08 00:00:00-04:00,0.9253086829561237
2019-04-09 00:00:00-04:00,0.9187892921265535
2019-04-10 00:00:00-04:00,0.9096770658126668
2019-04-11 00:00:00-04:00,0.9082992901004896
2019-04-12 00:00:00-04:00,0.9131132763380223
2019-04-15 00:00:00-04:00,0.9121317828518744
2019-04-16 00:00:00-04:00,0.9169660813009893
2019-04-17 00:00:00-04:00,0.9070960388209215
2019-04-18 00:00:00-04:00,0.9119036478266724
2019-04-22 00:00:00-04:00,0.9167367371601539
2019-04-23 00:00:00-04:00,0.9215954418671028
2019-04-24 00:00:00-04:00,0.9264798977089985
2019-04-25 00:00:00-04:00,0.9313902411668563
2019-04-26 00:00:00-04:00,0.9244529462759116
2019-04-29 00:00:00-04:00,0.9233429730440277
2019-04-30 00:00:00-04:00,0.9282366908011611
2019-05-01 00:00:00-04:00,0.9331563452624073
2019-05-02 00:00:00-04:00,0.9173142281059498
2019-05-03 00:00:00-04:00,0.9221759935149114
2019-05-06 00:00:00-04:00,0.9270635262805406
2019-05-07 00:00:00-04:00,0.9319769629698275
2019-05-08 00:00:00-04:00,0.9318801398612522
2019-05-09 00:00:00-04:00,0.9368191046025169
2019-05-10 00:00:00-04:00,0.9417842458569103
2019-05-13 00:00:00-04:00,0.946775702359952
2019-05-14 00:00:00-04:00,0.9517936135824598
2019-05-15 00:00:00-04:00,0.956838119734447
2019-05-16 00:00:00-04:00,0.9281140746597881
2019-05-17 00:00:00-04:00,0.9330330792554851
2019-05-20 00:00:00-04:00,0.9379781545755392
2019-05-21 00:00:00-04:00,0.9429494387947897
2019-05-22 00:00:00-04:00,0.9355119311535088
2019-05-23 00:00:00-04:00,0.9404701443886225
2019-05-24 00:00:00-04:00,0.93988815026839
2019-05-28 00:00:00-04:00,0.9382427627692156
2019-05-29 00:00:00-04:00,0.9432154494118925
2019-05-30 00:00:00-04:00,0.9482144912937757
2019-05-31 00:00:00-04:00,0.9532400280976328
2019-06-03 00:00:00-04:00,0.9582922002465503
2019-06-04 00:00:00-04:00,0.963371148907857
2019-06-05 00:00:00-04:00,0.9684770159970687
2019-06-06 00:00:00-04:00,0.9736099441818532
2019-06-07 00:00:00-04:00,0.9787700768860171
2019-06-10 00:00:00-04:00,0.9671491363538071
2019-06-11 00:00:00-04:00,0.9624081890027237
2019-06-12 00:00:00-04:00,0.9675089524044382
2019-06-13 00:00:00-04:00,0.9726367498521818
2019-06-14 00:00:00-04:00,0.9777917246263985
2019-06-17 00:00:00-04:00,0.9829740207669185
2019-06-18 00:00:00-04:00,0.9881837830769833
2019-06-19 00:00:00-04:00,0.9831465064099106
2019-06-20 00:00:00-04:00,0.9883571828938832
2019-06-21 00:00:00-04:00,0.9881687085951003
2019-06-24 00:00:00-04:00,0.980572632173871
2019-06-25 00:00:00-04:00,0.9857696671243926
2019-06-26 00:00:00-04:00,0.990994246360152
2019-06-27 00:00:00-04:00,0.9888773629451743
2019-06-28 00:00:00-04:00,0.9941184129687838
2019-07-01 00:00:00-04:00,0.9993872405575184
2019-07-02 00:00:00-04:00,1.0046839929324733
2019-07-03 00:00:00-04:00,1.0100088180950155
2019-07-05 00:00:00-04:00,1.0153618648309193
2019-07-08 00:00:00-04:00,1.0207432827145233
2019-07-09 00:00:00-04:00,1.0261532221129104
2019-07-10 00:00:00-04:00,1.031591834190109
2019-07-11 00:00:00-04:00,1.0370592709113167
2019-07-12 00:00:00-04:00,1.0321886663386368
2019-07-15 00:00:00-04:00,1.0321886663386368
2019-07-16 00:00:00-04:00,1.0376592662702318
2019-07-17 00:00:00-04:00,1.043158860381464
2019-07-18 00:00:00-04:00,1.041666010413256
2019-07-19 00:00:00-04:00,1.0471868402684463
2019-07-22 00:00:00-04:00,1.0291509589192496
2019-07-23 00:00:00-04:00,1.020839359673914
2019-07-24 00:00:00-04:00,1.0072145057241508
2019-07-25 00:00:00-04:00,1.0022830805663154
2019-07-26 00:00:00-04:00,1.007595180893317
2019-07-29 00:00:00-04:00,1.0047221009304281
2019-07-30 00:00:00-04:00,1.0100471280653596
2019-07-31 00:00:00-04:00,0.9718755398930696
2019-08-01 00:00:00-04:00,0.977026480254503
2019-08-02 00:00:00-04:00,0.982204720599852
2019-08-05 00:00:00-04:00,0.9874104056190313
2019-08-06 00:00:00-04:00,0.9926436807688122
2019-08-07 00:00:00-04:00,0.9869905429673025
2019-08-08 00:00:00-04:00,0.9922215928450293
2019-08-09 00:00:00-04:00,0.9974803672871081
2019-08-12 00:00:00-04:00,0.9781990132652417
2019-08-13 00:00:00-04:00,0.9518843668039261
2019-08-14 00:00:00-04:00,0.9146193277542506
2019-08-15 00:00:00-04:00,0.9194668101913482
2019-08-16 00:00:00-04:00,0.9243399842853625
2019-08-19 00:00:00-04:00,0.9292389862020749
2019-08-20 00:00:00-04:00,0.9192018603829332
2019-08-21 00:00:00-04:00,0.9058815698004855
2019-08-22 00:00:00-04:00,0.9106827421204281
2019-08-23 00:00:00-04:00,0.9155093606536664
2019-08-26 00:00:00-04:00,0.9203615602651309
2019-08-27 00:00:00-04:00,0.9252394765345362
2019-08-28 00:00:00-04:00,0.9301432457601693
2019-08-29 00:00:00-04:00,0.9350730049626983
2019-08-30 00:00:00-04:00,0.9400288918890006
2019-09-03 00:00:00-04:00,0.9450110450160124
2019-09-04 00:00:00-04:00,0.9500196035545974
2019-09-05 00:00:00-04:00,0.9550547074534368
2019-09-06 00:00:00-04:00,0.9601164974029401
2019-09-09 00:00:00-04:00,0.9652051148391758
2019-09-10 00:00:00-04:00,0.952066264335737
2019-09-11 00:00:00-04:00,0.9571122155367165
2019-09-12 00:00:00-04:00,0.9441196776791736
2019-09-13 00:00:00-04:00,0.9421444394389754
2019-09-16 00:00:00-04:00,0.947137804968002
2019-09-17 00:00:00-04:00,0.9521576353343325
2019-09-18 00:00:00-04:00,0.9418872458531498
2019-09-19 00:00:00-04:00,0.9468792482561715
2019-09-20 00:00:00-04:00,0.9518977082719293
2019-09-23 00:00:00-04:00,0.949235060221594
2019-09-24 00:00:00-04:00,0.9542660060407685
2019-09-25 00:00:00-04:00,0.9593236158727847
2019-09-26 00:00:00-04:00,0.9644080310369105
2019-09-27 00:00:00-04:00,0.9695193936014063
2019-09-30 00:00:00-04:00,0.9746578463874938
2019-10-01 00:00:00-04:00,0.9798235329733476
2019-10-02 00:00:00-04:00,0.9850165976981063
2019-10-03 00:00:00-04:00,0.9902371856659063
2019-10-04 00:00:00-04:00,0.9954854427499358
2019-10-07 00:00:00-04:00,1.0007615155965106
2019-10-08 00:00:00-04:00,1.006065551629172
2019-10-09 00:00:00-04:00,0.9812903249180954
2019-10-10 00:00:00-04:00,0.9864911636401614
2019-10-11 00:00:00-04:00,0.9917195668074543
2019-10-14 00:00:00-04:00,0.9905197346533506
2019-10-15 00:00:00-04:00,0.9957694892470135
2019-10-16 00:00:00-04:00,0.9851171152319864
2019-10-17 00:00:00-04:00,0.990338235942716
2019-10-18 00:00:00-04:00,0.9693246371322343
2019-10-21 00:00:00-04:00,0.9744620577090352
2019-10-22 00:00:00-04:00,0.9796267066148932
2019-10-23 00:00:00-04:00,0.9848187281599522
2019-10-24 00:00:00-04:00,0.9900382674192
2019-10-25 00:00:00-04:00,0.9952854702365218
2019-10-28 00:00:00-04:00,1.0005604832287756
2019-10-29 00:00:00-04:00,1.005863453789888
2019-10-30 00:00:00-04:00,0.9895676721044051
2019-10-31 00:00:00-04:00,0.9785369947867687
2019-11-01 00:00:00-04:00,0.9754311723441483
2019-11-04 00:00:00-05:00,0.9806009575575724
2019-11-05 00:00:00-05:00,0.9857981426326275
2019-11-06 00:00:00-05:00,0.9910228727885806
2019-11-07 00:00:00-05:00,0.9962752940143601
2019-11-08 00:00:00-05:00,1.0015555530726363
2019-11-11 00:00:00-05:00,1.0068637975039214
2019-11-12 00:00:00-05:00,1.0122001756306922
2019-11-13 00:00:00-05:00,1.0100531661866514
2019-11-14 00:00:00-05:00,1.0033672179383373
2019-11-15 00:00:00-05:00,1.0086850641934106
2019-11-18 00:00:00-05:00,1.0140310950336358
2019-11-19 00:00:00-05:00,1.0135926284821901
2019-11-20 00:00:00-05:00,1.011306764742532
2019-11-21 00:00:00-05:00,1.0100767600534748
2019-11-22 00:00:00-05:00,1.0154301668817582
2019-11-25 00:00:00-05:00,1.0208119467662315
2019-11-26 00:00:00-05:00,1.0262222500840927
2019-11-27 00:00:00-05:00,1.0316612280095385
2019-11-29 00:00:00-05:00,1.0371290325179892
2019-12-02 00:00:00-05:00,1.0426258163903346
2019-12-03 00:00:00-05:00,1.0481517332172035
2019-12-04 00:00:00-05:00,1.0432239806365777
2019-12-05 00:00:00-05:00,1.0424997919841976
2019-12-06 00:00:00-05:00,1.048025040881714
2019-12-09 00:00:00-05:00,1.0535795735983873
2019-12-10 00:00:00-05:00,1.051498067881914
2019-12-11 00:00:00-05:00,1.057071007641688
2019-12-12 00:00:00-05:00,1.0431207849547324
2019-12-13 00:00:00-05:00,1.031705147759726
2019-12-16 00:00:00-05:00,1.0371731850428527
2019-12-17 00:00:00-05:00,1.04267020292358
2019-12-18 00:00:00-05:00,1.0398664510241087
2019-12-19 00:00:00-05:00,1.0453777432145366
2019-12-20 00:00:00-05:00,1.0305412541676038
2019-12-23 00:00:00-05:00,1.0305412541676038
2019-12-24 00:00:00-05:00,1.0360031228146922
2019-12-26 00:00:00-05:00,1.0249636257047516
2019-12-27 00:00:00-05:00,1.0303959329209869
2019-12-30 00:00:00-05:00,1.0188510292005168
2019-12-31 00:00:00-05:00,1.0242509396552797
2020-01-02 00:00:00-05:00,1.0296794696354528
2020-01-03 00:00:00-05:00,1.0351367708245207
2020-01-06 00:00:00-05:00,1.0406229957098907
2020-01-07 00:00:00-05:00,1.0461382975871532
2020-01-08 00:00:00-05:00,1.051682830564365
2020-01-09 00:00:00-05:00,1.0346021795687
2020-01-10 00:00:00-05:00,1.0283785080875996
2020-01-13 00:00:00-05:00,1.033828914180464
2020-01-14 00:00:00-05:00,1.0393082074256206
2020-01-15 00:00:00-05:00,1.0305584300068698
2020-01-16 00:00:00-05:00,1.006009829135095
2020-01-17 00:00:00-05:00,1.011341681229511
2020-01-21 00:00:00-05:00,1.0167017921400276
2020-01-22 00:00:00-05:00,1.0103505937231199
2020-01-23 00:00:00-05:00,1.0157054518698525
2020-01-24 00:00:00-05:00,1.0023993029241558
2020-01-27 00:00:00-05:00,1.0077120192296538
2020-01-28 00:00:00-05:00,1.013052892931571
2020-01-29 00:00:00-05:00,0.9925173193513739
2020-01-30 00:00:00-05:00,0.9561217858946922
2020-01-31 00:00:00-05:00,0.9611892313599342
2020-02-03 00:00:00-05:00,0.9307267895597761
2020-02-04 00:00:00-05:00,0.9356596415444429
2020-02-05 00:00:00-05:00,0.9406186376446285
2020-02-06 00:00:00-05:00,0.9152656073185395
2020-02-07 00:00:00-05:00,0.9201165150373278
2020-02-10 00:00:00-05:00,0.9249931325670258
2020-02-11 00:00:00-05:00,0.8978462509088947
2020-02-12 00:00:00-05:00,0.9026048360387119
2020-02-13 00:00:00-05:00,0.8962520981994897
2020-02-14 00:00:00-05:00,0.8858510799199516
2020-02-18 00:00:00-05:00,0.8741702355445017
2020-02-19 00:00:00-05:00,0.8707619454230556
2020-02-20 00:00:00-05:00,0.8753769837337979
2020-02-21 00:00:00-05:00,0.8800164817475871
2020-02-24 00:00:00-05:00,0.8846805691008494
2020-02-25 00:00:00-05:00,0.8893693761170839
2020-02-26 00:00:00-05:00,0.8940830338105045
2020-02-27 00:00:00-05:00,0.8988216738897002
2020-02-28 00:00:00-05:00,0.9035854287613158
2020-03-02 00:00:00-05:00,0.9083744315337509
2020-03-03 00:00:00-05:00,0.9131888160208799
2020-03-04 00:00:00-05:00,0.9180287167457906
2020-03-05 00:00:00-05:00,0.9228942689445433
2020-03-06 00:00:00-05:00,0.9277856085699494
2020-03-09 00:00:00-04:00,0.9327028722953702
2020-03-10 00:00:00-04:00,0.9376461975185357
2020-03-11 00:00:00-04:00,0.942615722365384
2020-03-12 00:00:00-04:00,0.9476115856939207
2020-03-13 00:00:00-04:00,0.9526339270980986
2020-03-16 00:00:00-04:00,0.9576828869117185
2020-03-17 00:00:00-04:00,0.9627586062123508
2020-03-18 00:00:00-04:00,0.9678612268252763
2020-03-19 00:00:00-04:00,0.9625708863789634
2020-03-20 00:00:00-04:00,0.9131297453967712
2020-03-23 00:00:00-04:00,0.9012893079992345
2020-03-24 00:00:00-04:00,0.7944443039916771
2020-03-25 00:00:00-04:00,0.798654858802833
2020-03-26 00:00:00-04:00,0.8028877295544882
2020-03-27 00:00:00-04:00,0.807143034521127
2020-03-30 00:00:00-04:00,0.811420892604089
2020-03-31 00:00:00-04:00,0.8014800624712686
2020-04-01 00:00:00-04:00,0.8057279068023664
2020-04-02 00:00:00-04:00,0.809998264708419
2020-04-03 00:00:00-04:00,0.8142912555113736
2020-04-06 00:00:00-04:00,0.818606999165584
2020-04-07 00:00:00-04:00,0.8229456162611617
2020-04-08 00:00:00-04:00,0.8122139503863757
2020-04-09 00:00:00-04:00,0.8121500081508339
2020-04-13 00:00:00-04:00,0.8164544031940334
2020-04-14 00:00:00-04:00,0.8207816115309619
2020-04-15 00:00:00-04:00,0.8096012568071503
2020-04-16 00:00:00-04:00,0.8138921434682282
2020-04-17 00:00:00-04:00,0.8182057718286099
2020-04-20 00:00:00-04:00,0.7971228145653132
2020-04-21 00:00:00-04:00,0.8013475654825094
2020-04-22 00:00:00-04:00,0.765964310110329
2020-04-23 00:00:00-04:00,0.7539131653294805
2020-04-24 00:00:00-04:00,0.7360175521381014
2020-04-27 00:00:00-04:00,0.7332767868562134
2020-04-28 00:00:00-04:00,0.7371631538265514
2020-04-29 00:00:00-04:00,0.7410701185418321
2020-04-30 00:00:00-04:00,0.7449977901701039
2020-05-01 00:00:00-04:00,0.7489462784580055
2020-05-04 00:00:00-04:00,0.752915693733833
2020-05-05 00:00:00-04:00,0.7424073652323991
2020-05-06 00:00:00-04:00,0.746342124268131
2020-05-07 00:00:00-04:00,0.7502977375267521
2020-05-08 00:00:00-04:00,0.7445601697264658
2020-05-11 00:00:00-04:00,0.7485063386260161
2020-05-12 00:00:00-04:00,0.7524734222207341
2020-05-13 00:00:00-04:00,0.7376805841868129
2020-05-14 00:00:00-04:00,0.7415902912830031
2020-05-15 00:00:00-04:00,0.7275455255400474
2020-05-18 00:00:00-04:00,0.7185090083862908
2020-05-19 00:00:00-04:00,0.7223171061307382
2020-05-20 00:00:00-04:00,0.7092923623318976
2020-05-21 00:00:00-04:00,0.7130516118522567
2020-05-22 00:00:00-04:00,0.7126473302863592
2020-05-26 00:00:00-04:00,0.7164243611368769
2020-05-27 00:00:00-04:00,0.7202214102509024
2020-05-28 00:00:00-04:00,0.7181099861726684
2020-05-29 00:00:00-04:00,0.7087951416441992
2020-06-01 00:00:00-04:00,0.7125517558949135
2020-06-02 00:00:00-04:00,0.7163282802011566
2020-06-03 00:00:00-04:00,0.7140620315184585
2020-06-04 00:00:00-04:00,0.7178465602855064
2020-06-05 00:00:00-04:00,0.7216511470550196
2020-06-08 00:00:00-04:00,0.7158378461481874
2020-06-09 00:00:00-04:00,0.7196317867327728
2020-06-10 00:00:00-04:00,0.7234458352024566
2020-06-11 00:00:00-04:00,0.7272800981290297
2020-06-12 00:00:00-04:00,0.7198187126803554
2020-06-15 00:00:00-04:00,0.7236337518575613
2020-06-16 00:00:00-04:00,0.7274690107424064
2020-06-17 00:00:00-04:00,0.7246856445165577
2020-06-18 00:00:00-04:00,0.7285264784324955
2020-06-19 00:00:00-04:00,0.7228821794629773
2020-06-22 00:00:00-04:00,0.7267134550141311
2020-06-23 00:00:00-04:00,0.7204017691257398
2020-06-24 00:00:00-04:00,0.7242198985021063
2020-06-25 00:00:00-04:00,0.7280582639641675
2020-06-26 00:00:00-04:00,0.7319169727631777
2020-06-29 00:00:00-04:00,0.7357961327188226
2020-06-30 00:00:00-04:00,0.7396958522222324
2020-07-01 00:00:00-04:00,0.7339303832738127
2020-07-02 00:00:00-04:00,0.7266592019485597
2020-07-06 00:00:00-04:00,0.7305104957188872
2020-07-07 00:00:00-04:00,0.7343822013461974
